204831563, YASUKO, GORDY, 4172 MELNICK ST, WING RIVER, 5648
935075668, BLOSSOM, ANDINO, 3045 LIPSEY AVE, FDCI, 5639
149590284, TASIA, COLOMBO, 8748 HOUSLEY BLVD, DODGE CENTER, 5592
715973879, SHANTELLE, REVELL, 4308 RISLEY RD, BAGLEY, 5662
699061261, KARENA, STANDRIDGE, 9801 LOWTHER ST, ALDEN, 5600
715174459, JACELYN, STCYR, 6934 LAUDERDALE ST, MAPLE PLAIN, 5557
701397724, TOMIKO, HUTH, 5703 ANDRESS RD, ZERKEL, 5662
34796783, LATRISHA, WIGGS, 3596 NEVINS RD, NEVIS, 5646
406223434, WEN, PENNER, 8925 LELAND PKWY, MINN, 5544
93015344, MITZIE, BENEDETTO, 1461 MARCHETTI PKWY, EYOTA, 5593
360260254, MELDA, MULVEY, 9501 LENHART ST, LAMOILLE, 5598
642084802, CHERY, BIGGERS, 8990 STRAHAN ST, MAPLE PLAIN, 5559
419405884, BRETT, MAUNEY, 5693 RENSHAW PKWY, BIRCH BEACH, 5668
801876079, MENDY, HUNG, 7975 COLQUITT RD, PONTO LAKE, 5647
827424168, IVELISSE, PAULUS, 5253 RISINGER RD, MAPLEWOOD, 5514
406320855, YASMINE, LINES, 2569 AUBIN RD, WEST UNION, 5637
516133562, GAYNELLE, GLIDEWELL, 1251 REVELL AVE, ELMORE, 5602
156376760, CREOLA, BIGGERS, 4027 COLQUITT PKWY, NOWTHEN, 5533
581993933, GIANNA, LAFAVE, 5933 JAWORSKI RD, UTICA, 5597
699061261, KARENA, STANDRIDGE, 9801 LOWTHER ST, ALDEN, 5600
512299024, THORA, KNISLEY, 834 MCCOMB ST, STANCHFIELD, 5508
480705405, KENDA, GALLEGO, 1971 TOLLE ST, MILACA, 5635
85115382, ROXY, LENHART, 4444 KNISLEY ST, DULUTH, 5580
968788518, YURI, DUSTIN, 3001 SCHUTT ST, DOVRAY, 5612
16937946, YULANDA, LOWTHER, 7174 HERSHEY ST, FRANCONIA, 5507
727344064, DAINA, FASSETT, 8614 LIPSEY PKWY, LEWISTON, 5595
501124907, MISS, TAVAREZ, 70 SASS BLVD, SHOREVIEW, 5512
935158398, LATOYIA, COLQUITT, 4999 RUEDA PKWY, PRESTON, 5596
447598208, APOLONIA, JOUBERT, 1854 FASSETT PKWY, SAUM, 5665
804487108, AVERY, CLAYCOMB, 5455 NEVINS AVE, STACY, 5507
949638481, TERISA, BULLER, 808 BLAZER BLVD, NEW GERMANY, 5536
968576745, MILDA, CORUM, 9422 TYNES ST, MINNESOTA LK, 5606
846661075, JOANNIE, MENEFEE, 4350 HERTEL RD, JACOBSON, 5575
910850002, JOSPHINE, KOWALCZYK, 2239 RODRIQUES ST, SARATOGA, 5597
833517553, SAU, TAVAREZ, 3493 LAFONTAINE ST, KILKENNY, 5605
988498289, LUETTA, LESHER, 4838 CLARE PKWY, STUNTZ, 5574
183229836, CLORINDA, VUONG, 498 HUDNALL PKWY, MINNEAPOLIS, 5540
703782023, MARIKO, KOWALCZYK, 1235 DUDEK ST, IRON, 5575
151878613, KA, MULVEY, 1006 GEBHART RD, SUNRISE, 5505
